Id,Y
0,7.271585624127928
1,6.536350658212444
2,7.345393202107401
3,7.239767648603754
4,7.156568699688047
5,6.469194082792644
6,7.193214498516347
7,6.511333207554769
8,7.0758877981346355
9,6.978748891652535
10,6.553691438666993
11,7.22045280995686
12,6.814489896619716
13,7.389187235585029
14,6.626458692398325
15,6.979232508786384
16,7.488741345724451
17,6.985478478835211
18,6.850508889055804
19,7.261339136403476
20,7.305038499914509
21,7.1917162397706385
22,7.501417705980128
23,6.846523579969936
24,6.965558275547146
25,6.91522131782995
26,7.121043839774091
27,7.1961506506675015
28,7.4012134472196225
29,7.035039002069762
30,6.4067195438232725
31,7.047739556335418
32,7.140195585557531
33,6.388940257799364
34,6.867159882899593
35,6.984606775488188
36,7.409182479220485
37,6.923194618509949
38,7.014948178072262
39,7.034985516313587
40,6.899349388651179
41,7.413411151996355
42,7.345247143297549
43,6.9484802043834275
44,6.869915108038166
45,6.878364617944893
46,7.243448732761813
47,6.6809165060833715
48,7.277656330165275
49,6.184071232360266
50,6.476166635755636
51,6.461299247449195
52,7.126567763834493
53,6.805611954062535
54,7.260591514794685
55,7.24099528586792
56,6.874674850963353
57,7.148284203261317
58,7.128611081929616
59,7.417415046808738
60,7.414724819169334
61,6.535392307825332
62,6.902207546790472
63,7.181894676471876
64,7.06994931100367
65,7.259359003700959
66,6.7161529715944015
67,6.917457293826036
68,7.186778832154767
69,7.1180195835437265
70,7.064145415016067
71,7.128227006440049
72,6.570269698367298
73,7.210416165563009
74,7.461468915973239
75,7.269533652417751
76,7.21711903595337
77,6.862310599089648
78,6.383301311098522
79,7.443497503107324
80,7.378217218396156
81,4.966166731319046
82,6.880629151530635
83,6.236946704949705
84,7.1278128814729795
85,7.042645578140773
86,6.687341099762855
87,7.235168127858244
88,6.571370551814152
89,6.79665646171443
90,6.816700254547998
91,6.423422023953614
92,6.654696897291402
93,7.18527156472668
94,6.944474098661113
95,6.652334528290888
96,6.54717801443756
97,7.268384239137638
98,7.126592596278573
99,7.362892249143765
100,6.454279211357979
101,7.154366908372674
102,6.883630479284612
103,6.757360351990441
104,7.038973478651121
105,7.001800161402349
106,7.084442380551212
107,7.065328477597564
108,6.88214732250861
109,6.904400244908674
110,7.023694597416048
111,7.215551094270428
112,7.228534923945804
113,7.113234626007851
114,6.642438799529151
115,6.769594658514566
116,7.138408388987223
117,6.682509545010973
118,7.258977758115122
119,6.487832490221974
120,6.731695351844879
121,6.935576361731327
122,7.163855397700146
123,6.876357433754228
124,7.176430612925768
125,7.235085676857669
126,7.298983720768888
127,6.92394888663997
128,7.099714653776517
129,6.808197364256338
130,6.993824250037822
131,7.413175359190082
132,6.923901223272748
133,6.9907799226062615
134,6.9473613644190335
135,6.809390301125013
136,6.575895844916324
137,7.1287607392566965
138,6.383330315011791
139,6.94212819348997
140,6.434233336103885
141,7.104505287532035
142,6.586779630547149
143,6.415067094989573
144,6.830547547377241
145,7.31651793190494
146,6.5416763255841905
147,6.599249906986243
148,6.574620242490253
149,6.598701909661814
150,6.899748960396967
151,7.123006504783008
152,6.600088297475215
153,6.489227699127555
154,6.565061891848014
155,6.340484201487346
156,7.371267038242487
157,6.618218608883499
158,6.771301813480702
159,6.9607260889878235
160,7.266187398495649
161,7.2112068160229805
162,7.226119878041495
163,6.9670279251055165
164,7.458570890506618
165,6.469372084198118
166,7.232575380146695
167,7.143042413402821
168,6.930117739786818
169,7.264838218302908
170,7.027270324440116
171,6.57914769726178
172,7.149325762231698
173,7.478721592202093
174,7.4593448190293685
175,7.328096232229781
176,6.961517475438697
177,6.713349028753534
178,7.18218005382119
179,6.353455353301976
180,6.477385632996657
181,7.331956821345718
182,6.551110927949842
183,6.2292401598400025
184,7.267443175252893
185,7.293913924126275
186,7.477186523847659
187,6.7590581021637615
188,7.030977896623747
189,6.954749776789641
190,7.144899912451933
191,6.700644498141499
192,6.955284400348284
193,7.258581442439643
194,7.370559639878314
195,6.626339188116568
196,7.324715623013047
197,7.424887072464016
198,6.839581791471429
199,7.047227226806921
200,6.6123810730701775
201,6.515274825249209
202,6.598056194199961
203,7.1493545423504665
204,7.164717935687527
205,6.769143681155211
206,6.66888993094183
207,6.789996829010397
208,6.63059176754051
209,6.545917555096919
210,6.5430858122780275
211,7.019018047719959
212,6.647015491538278
213,7.0148925588884925
214,7.005955942764122
215,6.951292914108977
216,7.1576376725366835
217,6.437906709114654
218,6.599267296428388
219,6.577103360166098
220,6.823079341684075
221,7.277770580827502
222,7.257976858955272
223,6.950463589354346
224,6.508762711364978
225,7.415322586928387
226,7.257003870104745
227,7.016996867434438
228,6.66530459990262
229,7.101289193361623
230,7.134671181151878
231,7.0339465799832395
232,7.403228383975733
233,7.457173470339836
234,7.304508269490227
235,7.47658565251743
236,6.910779800298011
237,7.252855726983766
238,6.710027263514016
239,6.712303377045528
240,6.479108510107431
241,6.807930328840565
242,6.727051464706812
243,6.748085113378207
244,6.824933045499957
245,6.536139661208409
246,7.199804205786869
247,7.480985079698474
248,7.457876197916145
249,6.849156046678434
250,6.710173491625831
251,7.307771840240338
252,6.570197535658591
253,7.117175206158732
254,6.610536213993751
255,7.281541922117327
256,7.17189100644374
257,6.54012083488687
258,6.5684718267978734
259,6.704804679669505
260,6.780913919218092
261,6.548380857046653
262,6.8922812943389715
263,7.41910291064007
264,6.54127737386573
265,6.572497207430204
266,6.98137890286965
267,6.799436413287094
268,7.2771695143019475
269,7.007537870233644
270,7.284041833580743
271,7.207366567442318
272,6.71356002496216
273,6.952370710787867
274,6.62652676664855
275,6.728110300324567
276,7.112650455017949
277,7.243940364964532
278,7.210132656189165
279,6.487151888998197
280,6.621375067790092
281,7.075581373791613
282,7.4116990477481535
283,7.256966084955733
284,6.736603466704542
285,7.418525778425137
286,6.95727749604111
287,6.516622564672917
288,6.442941781143672
289,6.769297638671008
290,7.188596893063463
291,7.041331811802152
292,6.816432929950704
293,7.1892886366673645
294,6.667560498724603
295,6.698383444802958
296,7.037765781053833
297,7.249513302176789
298,6.955545243802043
299,6.306031739575637
300,7.084341359198236
301,6.944356474238576
302,7.272707634419423
303,6.400014231826136
304,7.257232269828353
305,7.11039383344171
306,6.961485966225567
307,7.274423340744511
308,6.934358375041312
309,7.109975284541794
310,7.2950603453758625
311,7.365339423619034
312,7.123777228834533
313,7.031443495575413
314,6.38299567283135
315,6.858344761578488
316,6.914867389700384
317,6.810698507037795
318,5.926129720212237
319,6.725005985112778
320,6.243809825965245
321,7.300167643278115
322,6.572224058619358
323,6.959456043061176
324,7.212666344085452
325,7.265791680121221
326,7.26067151759556
327,7.242723875509184
328,7.383498890080196
329,7.07692261398742
330,7.255196515990489
331,7.047709853908854
332,6.6827734576320355
333,6.871417392780845
334,6.8157864944948985
335,7.403776203773281
336,7.191342813789032
337,7.12286493713284
338,6.659942326719885
339,6.983286877935826
340,7.466821149817179
341,7.31305026708849
342,7.078183255475731
343,7.151740456825229
344,7.0081454932634255
345,6.844445669829689
346,6.782857721947512
347,7.12038969099342
348,7.153428884972561
349,7.4281057037075175
350,6.848339182992631
351,6.962490610404043
352,6.989877117383653
353,6.634179761949543
354,7.200233270053431
355,6.97370135533366
356,7.234907523798025
357,7.194541229642972
358,7.297309110343286
359,7.3377960341393
360,6.4159825018947165
361,7.2785951406587
362,7.103977611922496
363,6.58555578378077
364,6.777914025586791
365,6.69436698258454
366,7.304917172122583
367,7.1143180066153775
368,7.052894198799871
369,6.786698433918329
370,6.970197440984956
371,7.276908386705277
372,6.586437486717005
373,6.615927610063945
374,6.573938119959569
375,7.18881096140595
376,6.916150789260598
377,7.238609387550865
378,6.993418914425196
379,6.540596257138222
380,7.210686254317874
381,7.088021283280623
382,6.528764994862711
383,7.483283267803736
384,7.471434660794279
385,6.531223392016574
386,6.708979551898856
387,6.466246787322002
388,6.584249035189003
389,6.621802262208404
390,7.270218549692908
391,7.210611168229595
392,5.707484145805761
393,7.415642356788721
394,7.33677660423715
395,7.259072104023795
396,7.133836831919538
397,6.731893505105055
398,6.5827913025231215
399,6.746239596856315
400,6.9505419847035474
401,7.310004562903448
402,6.5920985043031255
403,7.415060460477996
404,6.936957083479663
405,6.821391214534684
406,6.793504922991593
407,6.755495051706773
408,6.74930483315788
409,7.259063879388969
410,7.039379832436949
411,6.861488864277233
412,6.669873898673958
413,7.297779850809582
414,7.366611641423757
415,7.111797850717717
416,6.974552408360788
417,7.331712175428362
418,6.882013245970518
419,6.514517613312956
420,6.785389251517796
421,6.571900824864255
422,7.353176334839354
423,6.986407028754891
424,7.1696538861908135
425,6.934149385859213
426,6.48808622947171
427,7.082836211064084
428,7.112236133746817
429,7.306788905285208
430,7.440238705432172
431,6.39004628192059
432,6.637208718657751
433,7.032621875942736
434,7.333521696477653
435,7.4224263309326
436,6.248925197607418
437,7.2439898093443835
438,7.223341184352713
439,7.171866186065028
440,6.423634239830463
441,7.2857430180858165
442,7.245963211603379
443,6.596136776902873
444,6.242355947417953
445,7.354915194499326
446,7.062571670700549
447,6.795657804119829
448,6.921226169761093
449,6.824556763611166
450,6.542977065693986
451,6.881901219825677
452,6.9539021977379765
453,7.440697272571961
454,7.221563932953772
455,6.929124665383658
456,7.311569590597184
457,7.373838689812916
458,7.2343193442836835
459,7.000746022619787
460,6.500990540632555
461,7.3302658271887475
462,7.277703378083974
463,6.4190842465762366
464,7.024854302641546
465,6.679464279895877
466,6.433116525344721
467,7.122605349047737
468,7.0918051470327415
469,5.341698449565002
470,7.277708715309983
471,7.159277462943673
472,7.246931065012346
473,7.253427620057506
474,6.533887683858477
475,6.752102287411171
476,7.120371405464326
477,7.067419934291183
478,7.214209957037623
479,7.0867015696253794
480,6.624823988128897
481,6.923704371247114
482,6.708485515863137
483,7.262855095490258
484,7.116199087004977
485,7.184943851285592
486,7.310436192414582
487,6.875395747556107
488,7.246663959301856
489,6.400357362891281
490,6.973075959808535
491,6.723040347872335
492,7.292466543500355
493,7.0687430018075545
494,7.0419792575170455
495,6.770045447772024
496,7.467838547524119
497,6.94430045968262
498,7.420244849904413
499,6.938677530560358
500,6.320272594306797
501,7.008071424655278
502,6.849219369283866
503,6.8393614243436565
504,6.214093720723316
505,6.65071009161575
506,7.096000166550296
507,7.220800939491223
508,7.135331405620323
509,7.083672152662657
510,7.399047310895017
511,5.934759610668502
512,7.244513018936445
513,6.669998689537125
514,6.828766782143044
515,6.521911554881834
516,6.435548578766437
517,7.054704213424111
518,7.096859824212257
519,6.797279038370624
520,5.686398559595016
521,6.807996473083552
522,7.025710771831494
523,6.807816882442248
524,6.709162395759698
525,7.220494061576886
526,6.724085094917871
527,7.041093785787146
528,7.22818865626814
529,7.2696190757204615
530,7.124906783128882
531,7.114069197090547
532,7.173088644103323
533,7.247095479628773
534,7.181741422150464
535,6.625267288280726
536,7.286098806154534
537,7.204062648289869
538,7.066394008612051
539,6.854841597145128
540,7.290849141487737
541,6.395050606908143
542,6.431282960226131
543,6.911657429337757
544,6.696965032477486
545,7.2239471208547394
546,7.1287188729259015
547,7.128114497948081
548,7.155518536691488
549,6.782883935870338
550,7.181235643766292
551,7.378622946363604
552,7.230531533709924
553,7.393591957083812
554,7.003912231026762
555,6.975743418703164
556,7.049058239543632
557,6.6419115755209805
558,6.490327550824759
559,6.482177292740712
560,7.1160303091346675
561,7.382862757533379
562,6.760811685252879
563,7.214777464176388
564,6.677419388568246
565,6.921682091174178
566,6.624715043689109
567,7.061640824920804
568,6.714795236580489
569,6.957259078877702
570,6.6201134340376075
571,7.060982811076097
572,6.898230777949713
573,7.265886708200553
574,6.506569678834351
575,7.172697090197975
576,6.717251799603989
577,7.145208750547645
578,7.463957857654406
579,6.9566629677880885
580,6.688248566208918
581,6.66695141629305
582,7.267381670742613
583,7.45488007857817
584,6.976403434325305
585,7.2011890305224675
586,7.092996158603171
587,7.269737507143253
588,6.938752295948447
589,7.312922132671123
590,7.160738711597761
591,7.304813411502276
592,6.674017228035169
593,6.709784563428153
594,7.1743159116585264
595,6.768267477842343
596,6.94277679674524
597,6.68552865700144
598,7.405163584536446
599,6.360148047232062
600,6.694663974562825
601,6.72082095232294
602,6.519425614012052
603,6.641968119554319
604,7.1063921475582825
605,7.235622656627265
606,6.8376153953353676
607,6.994544044711163
608,7.2865587865011765
609,6.885822654775952
610,6.304942031387399
611,6.727932545105054
612,6.468763293317544
613,7.277276879033258
614,7.281396515190393
615,7.244335900810447
616,6.730963410306597
617,6.559106612582703
618,6.683870862760654
619,7.070919223921268
620,6.496484554247676
621,6.666105796872179
622,7.158034447637023
623,7.166288026103475
624,7.0863636914444506
625,6.483705484986781
626,7.343175579520509
627,6.924878291601019
628,6.445468604208842
629,6.660197889149515
630,7.020800600769533
631,6.439236345674844
632,7.022779815125512
633,7.029459712105545
634,7.1498207287236335
635,6.996010932443563
636,7.070539797984814
637,7.239872539224966
638,6.4949826295662785
639,7.0628350299615
640,7.205652433880499
641,6.796342894293937
642,6.636076071005913
643,7.1695554136948765
644,7.343972764110415
645,6.609419706089737
646,6.854052937170742
647,7.090685887743628
648,6.893548198643615
649,7.009739406382285
650,5.797911505427269
651,7.426986860893329
652,6.853072857868338
653,7.065300933636494
654,7.113687632013736
655,6.756908650086512
656,6.843926441836556
657,7.048155112552042
658,6.525696084635713
659,6.806036861704396
660,7.3107193270437465
661,6.864797833320814
662,6.72127887063261
663,6.7836347987554335
664,6.957816270371219
665,6.954243230492339
666,6.812999056532181
667,6.817465880883469
668,6.9805084903074155
669,7.185302021125249
670,6.464089964429485
671,7.189778708606366
672,6.981023797547502
673,6.4432778038227445
674,6.782351623743483
675,6.903234469622632
676,6.568904712732254
677,6.9307839718611435
678,6.672685470679687
679,7.376422726021468
680,7.333643785942305
681,7.068346344060046
682,7.409233541271492
683,7.0745379075208215
684,6.782706698234699
685,6.726676822066924
686,7.26300486212453
687,7.325947213012992
688,7.122363658848439
689,6.573311558946415
690,6.794760680625911
691,6.844345725306399
692,6.607213336230625
693,7.293460192245604
694,6.641272744648708
695,7.347251669353687
696,7.195625966365985
697,6.9934040680855905
698,6.843005304035382
699,6.734868679307949
700,7.087523823256481
701,7.051321344343486
702,6.452889697915104
703,7.190491348510696
704,7.2575382569969875
705,6.63391071124815
706,6.9603696012901
707,6.8734639309650545
708,7.422089415546549
709,6.610054814271325
710,6.883817712823269
711,6.660536760065843
712,6.661741982250891
713,7.111054528179584
714,6.730005151668818
715,6.996006839002329
716,7.386236281855264
717,7.075380888774477
718,7.409703004152817
719,6.8433621279293115
720,7.116944592656673
721,6.9496721375604125
722,6.776830377425213
723,6.861167703079535
724,7.453875596559406
725,7.131167458373688
726,7.204222767386493
727,6.965629589462485
728,7.139911087660651
729,7.2862375035666656
730,6.761822564223685
731,7.089055934863909
732,7.199182007440066
733,6.862658631754624
734,7.076761177481708
735,7.2453352974739555
736,7.223073581076674
737,7.271355656752712
738,7.229446235483522
739,6.603873678562081
740,6.6055636567588225
741,6.9056914308173525
742,6.838716876634182
743,7.296868061222179
744,6.791942797205986
745,7.088531554089978
746,7.111857156868637
747,7.191820231310274
748,7.3893013685050075
749,7.280192575898311
750,6.668648927863867
751,6.881058708729783
752,7.384398950705262
753,7.313159310488959
754,7.316624031076233
755,7.307910114273551
756,6.874616558956314
757,7.174164350588443
758,6.82150344369091
759,7.2273625428879065
760,7.086398571957881
761,7.087342972739272
762,7.47432445708523
763,6.451553681607952
764,7.282887395329281
765,7.144250011741043
766,6.838743029574662
767,6.954661358328997
768,7.276607790070676
769,7.369287301622702
770,6.948617252231904
771,6.864325023680982
772,6.993725594051953
773,6.557806276405724
774,6.495518211886942
775,7.176756355305451
776,6.496108917805064
777,7.336139792985306
778,6.9092626974423315
779,6.670508262707262
780,6.624413606206212
781,7.216862105257341
782,7.186203676097238
783,7.157064377014974
784,7.159658751547028
785,7.105003329138385
786,7.28966103487637
787,7.012798028456857
788,6.98955518973685
789,6.881624147925953
790,6.769005139196032
791,7.031080291729643
792,6.6435536498484336
793,6.851605097630758
794,7.441718178617549
795,6.414293929303772
796,6.771476230486139
797,6.623424785625799
798,6.311262187077076
799,6.56424006936512
800,7.0909888381297375
801,7.177097757787225
802,6.585678636787141
803,7.3007369323112
804,7.390819112932501
805,7.27992244921672
806,7.080887163428438
807,6.85728875492159
808,6.475245044125554
809,6.449060720728049
810,7.2575813152623
811,6.125100803383339
812,7.176371038573319
813,7.135417881764865
814,7.17321980600629
815,6.925428855760058
816,6.523310901162946
817,7.182381676458004
818,7.193366836179253
819,7.122182126993308
820,7.0469815395671676
821,7.3632246046035545
822,6.646900611194563
823,7.099540278718244
824,7.1848153667681265
825,7.260862365885905
826,6.732489926946736
827,6.856380990270307
828,7.322872617200363
829,6.836404779170382
830,6.692436081002659
831,7.357826599756422
832,6.895092048788703
833,7.127335485490608
834,7.152384736648413
835,7.210794616586682
836,7.257705462361155
837,7.093924854956886
838,6.920131355954437
839,6.857047757879994
840,6.934536551500997
841,6.739150370634432
842,6.425257585010086
843,7.282993608583914
844,7.143120524004794
845,6.820644457584437
846,6.791625720484326
847,7.124930076738051
848,6.514264478302682
849,7.099976627451917
850,7.112805016263053
851,6.7040036360007615
852,7.189256653172489
853,6.9781482144504485
854,7.071332765173894
855,7.107264531708106
856,7.081855266718975
857,6.870027912478919
858,7.299338460436173
859,6.725663445604167
860,7.393565318338939
861,6.7495169041472876
862,7.246830425878882
863,6.8765099202672095
864,7.333268180263553
865,7.172146127698111
866,6.566501435253928
867,6.670884387349048
868,6.859278283327058
869,6.694650996508064
870,7.012390298032288
871,6.982605168643829
872,7.005447750355421
873,6.825079454871659
874,7.082321356289621
875,6.769104198120987
876,7.110404752995032
877,6.950825599453065
878,6.458725087229859
879,6.420562353114856
880,6.401837662145605
881,6.585230481641331
882,7.1269605121810535
883,6.201271063367996
884,6.8463350186598095
885,7.47145039366383
886,6.494659985568663
887,6.686745627903845
888,7.019050611175132
889,7.239423293004208
890,7.042454121821108
891,7.108267029334618
892,7.303704816818735
893,6.033529034858231
894,7.480211565735004
895,7.26855031811814
896,7.000489444403968
897,7.243884094744556
898,6.431094325538514
899,7.163236789484653
900,6.741165658353562
901,7.436058336038605
902,6.953498265208512
903,7.0045665989692685
904,6.51288309392265
905,7.0779570258462945
906,6.975433670545295
907,7.123867037356839
908,6.639188565065487
909,6.584441527717631
910,7.183238666164142
911,6.731964066146777
912,7.036573634106095
913,7.455658605861346
914,7.304226259642775
915,6.792444260594474
916,7.4485132011091295
917,7.3639739983089605
918,6.855008087674439
919,7.406232424510384
920,6.699851786865107
921,7.449054398472784
922,6.722938525957789
923,7.123204837949988
924,7.169758436663374
925,6.605476153541586
926,6.687505525368647
927,7.237716044431119
928,7.108475454053564
929,6.914754917830814
930,6.694838087093492
931,6.299388990081816
932,6.63720066874379
933,6.68177745538696
934,7.376375333528023
935,6.575096364678687
936,6.77365308158246
937,6.886751887767644
938,6.9468422924920565
939,6.938760236852869
940,6.927051218681829
941,7.095561108718972
942,7.054991060631989
943,6.975593103578337
944,7.185234643327589
945,6.408688926963605
946,6.819672903327463
947,6.844578255074936
948,6.922940780025094
949,6.441322773745852
950,7.026592911435709
951,7.184248996623643
952,7.257455536196384
953,6.939277697121381
954,6.617866275554662
955,6.550801362128907
956,7.077872985598404
957,7.095944251794747
958,6.778344535722386
959,7.163500364973565
960,7.2167193051697796
961,7.063431935307459
962,7.0878962062222515
963,6.960241300319264
964,6.634134083922696
965,6.710816742558717
966,7.473021271095991
967,6.939668075715462
968,7.271137722375305
969,7.02385888874109
970,6.75271523471538
971,6.348365663592321
972,7.290302658105077
973,7.150112111217133
974,7.370976449073766
975,6.336141997826528
976,6.592045946416673
977,5.285146725782268
978,6.504764732255859
979,6.746783337720545
980,6.926634436900435
981,6.829658180511245
982,6.829249306677848
983,6.838207762609293
984,7.1114479413419325
985,7.01675060773947
986,6.498779953294096
987,6.632025308950633
988,6.328973267615908
989,6.659777007870187
990,6.940770204478543
991,7.306231281038056
992,7.299797772404572
993,6.810204195618442
994,6.507047040846161
995,7.338455281104086
996,7.055412264692108
997,6.745477612473697
998,7.364758760032166
999,6.988845489556136
1000,6.642801076143672
1001,6.809529305823213
1002,7.194812880133668
1003,6.9642263740233235
1004,7.099658991710795
1005,6.386615843147336
1006,7.350734676892833
1007,7.268022560043881
1008,7.34925686153309
1009,7.347323132464252
1010,7.21490603149504
1011,7.1405092784316295
1012,7.143742661397461
1013,6.634822574649679
1014,7.156334490058615
1015,6.372908441123407
1016,7.371459118435464
1017,7.3183591577801925
1018,7.227697162056966
1019,6.97778056615012
1020,6.819534487557657
1021,7.272116588514907
1022,6.981403032768824
1023,7.091967100712531
1024,7.303291651601816
1025,6.996496307361999
1026,6.557488277559268
1027,7.229819557794743
1028,6.778705982166471
1029,7.297564572865711
1030,7.3436256748109345
1031,6.973362791699906
1032,7.331316681646435
1033,6.5306388758182825
1034,6.9630145338313385
1035,7.236503907775029
1036,7.09787805646431
1037,7.1110316399255105
1038,7.261492848775696
1039,7.455241349110144
1040,6.619877300432668
1041,6.647117612642441
1042,7.118821973204499
1043,7.3020120685545615
1044,6.813879413858764
1045,6.418648777989654
1046,6.682906129253783
1047,6.873709986747415
1048,7.297362145798349
1049,6.703634145922841
1050,7.049723661659593
1051,7.241483671432585
1052,7.077075854093072
1053,6.751511961297725
1054,7.363323237501328
1055,7.064836827727085
1056,6.142282400212054
1057,7.092190002061048
1058,6.586139466469965
1059,7.221747253564994
1060,7.100980533694344
1061,7.2114283085761075
1062,6.672856531792075
1063,7.1083061807214545
1064,6.94246443271116
1065,5.606828504645998
1066,7.193408052374713
1067,7.284558952147699
1068,6.506368299545922
1069,7.081299601300155
1070,7.17072135293863
1071,7.44972030484847
1072,6.901309479076121
1073,6.610561016970733
1074,7.125267226807765
1075,6.633671773480373
1076,6.795989217754636
1077,6.764887391117607
1078,7.45615999098716
1079,6.930358664990432
1080,7.181483976356725
1081,7.1543195600758605
1082,7.146707225397522
1083,6.231763314403086
1084,6.521857287863361
1085,6.651274747078663
1086,7.1276863700537785
1087,6.598850424467477
1088,6.335343174093133
1089,7.051446857762677
1090,6.6842865393230335
1091,7.367564241649673
1092,7.11005634719417
1093,7.266339424379611
1094,6.7762796398677905
1095,6.80362053860144
1096,7.296128190519089
1097,7.060425692689372
1098,6.956959953863953
1099,6.6860094895193285
1100,6.893373535070664
1101,7.342612329951985
1102,6.915025001064148
1103,6.53950945983742
1104,6.746285156941175
1105,7.455591983616791
1106,6.614454570137341
1107,6.675329795758175
1108,7.035262183033769
1109,7.195465220505911
1110,7.276728072307321
1111,6.591542040390338
1112,6.215249608468399
1113,7.076854945961395
1114,7.166194127403232
1115,6.928822314869226
1116,6.624905133485815
1117,7.33970381244661
1118,7.182353847023351
1119,7.291376427100272
1120,7.356301879064897
1121,6.128742656557526
1122,6.364502669562865
1123,7.323308190246923
1124,6.839923612952473
1125,7.020358643301684
1126,6.915767531379171
1127,7.481192191280651
1128,6.725611754803857
1129,7.113968312873589
1130,7.270129302956241
1131,6.388829140338673
1132,7.028338091739512
1133,6.863291122573648
1134,6.496687493682882
1135,7.401040780749884
1136,6.7799932772907265
1137,7.004589697779067
1138,7.012564618548393
1139,7.426786823822196
1140,7.3898848441750085
1141,6.972467589793344
1142,7.278733019924672
1143,7.122098062700792
1144,6.489164782255788
1145,6.5933881421143745
1146,7.248761774710187
1147,7.29558953708362
1148,6.958731955289601
1149,6.987490976048335
1150,6.605647416333213
1151,6.173662602383184
1152,6.589668812050429
1153,7.1743083520523925
1154,6.697510937227383
1155,7.184932376719891
1156,7.3966285740947
1157,7.128777255525634
1158,7.110977120103166
1159,7.029204403961692
1160,7.383957434667645
1161,7.123662803544086
1162,7.069936622184621
1163,7.268133799101914
1164,6.930984677727983
1165,6.78484565853912
1166,7.210812664674942
1167,6.790645233120925
1168,7.389760077141946
1169,6.351358543344185
1170,7.303572865284944
1171,6.817073570152839
1172,7.264104232238216
1173,6.377093989956943
1174,7.116364041480309
1175,6.3413048583749205
1176,6.644398536285992
1177,7.152635831615174
1178,7.0451189781538615
1179,6.782037398722624
1180,6.774875328950895
1181,7.119337180943947
1182,6.7545267591940155
1183,7.320921571099316
1184,6.757043034907769
1185,7.253531509662801
1186,6.959385670134991
1187,7.278991988549349
1188,6.380386482326169
1189,6.932764500301709
1190,7.1677230452417575
1191,6.6803962580532925
1192,6.51790605605261
1193,7.213425772816115
1194,6.762457310455277
1195,6.741441860539879
1196,7.296875209169151
1197,7.0672270390009615
1198,6.872567833267865
1199,7.433256085768709
1200,6.986295296102739
1201,6.965146127819891
1202,6.6575989861025295
1203,7.438368692575307
1204,6.535592057310583
1205,7.254626085867535
1206,6.742176965696823
1207,7.034149606595253
1208,6.355038587237504
1209,7.233971626964621
1210,7.184344776697408
1211,6.397708287396603
1212,7.054713099046138
1213,6.818596680888804
1214,6.52337992539213
1215,7.273628308948855
1216,7.287557886737342
1217,6.8787126275467285
1218,7.295828044613871
1219,6.645134481208649
1220,7.491131946601523
1221,6.81042205460875
1222,6.780598952155836
1223,7.296125726032182
1224,7.325702435733484
1225,7.1409735884996755
1226,7.2209883942971045
1227,6.555368567872786
1228,7.201483563668487
1229,7.256597538193145
1230,7.197943439327107
1231,7.180406727904426
1232,7.392083079547662
1233,6.619894002684547
1234,7.255652347546538
1235,7.301889105393862
1236,6.780648742317343
1237,6.863693193389025
1238,6.59373482799192
1239,6.4327526917767806
1240,6.603687854485621
1241,7.365341697132425
1242,6.515740401486055
1243,6.570020681252677
1244,7.090869421525146
1245,6.438828291799616
1246,7.051704923799374
1247,6.981586984983545
1248,6.283216266696436
1249,7.125422536235722
1250,7.447410046163452
1251,6.1436228164364195
1252,7.087934392696243
1253,7.286664725929556
1254,6.925274147992276
1255,7.224258007947029
1256,6.566998364826948
1257,6.986090088862533
1258,6.488660437815486
1259,7.214383053634058
1260,7.282455806486827
1261,7.300545028445168
1262,6.869163654045068
1263,6.942097840422629
1264,6.762789947410791
1265,7.3010904329657
1266,6.923372604048372
1267,6.893264913287808
1268,6.38935675582227
1269,7.086177409517208
1270,7.183233783843192
1271,5.721208109571828
1272,6.902395548446305
1273,6.750781686460467
1274,6.718227639900595
1275,6.5239685811584405
1276,6.183637546803532
1277,7.429053641682201
1278,7.309426555153967
1279,7.073831575728304
1280,6.710197055877414
1281,6.456832792347148
1282,6.67679679018686
1283,7.249382276851824
1284,6.425767527558738
1285,7.192943412837595
1286,7.204469127025417
1287,6.673790264745422
1288,7.2924873660122165
1289,6.62121718664023
1290,7.044173609486491
1291,7.366375384489377
1292,7.066894751929549
1293,6.390694166377273
1294,6.5194632947556705
1295,6.6803723744407275
1296,7.005851418193434
1297,7.310096555967389
1298,7.314186384340904
1299,6.346541045216596
1300,7.441597654116359
1301,7.176322963379395
1302,7.1150232585072395
1303,7.015603141299042
1304,7.08567749967187
1305,6.695626867445787
1306,6.664777847343915
1307,6.625553581104395
1308,7.259848505530332
1309,6.5822429363425865
1310,6.945784624855547
1311,7.21679505524677
1312,6.95742895823156
1313,7.044135030707543
1314,6.578526127301815
1315,6.9875480004608415
1316,7.31073193329172
1317,7.400277714754769
1318,7.176200001796749
1319,7.335522381239209
1320,6.459353120951872
1321,6.7120230359798185
1322,7.045553927169841
1323,6.957394119658021
1324,7.284428531450253
1325,6.915711840341508
1326,7.369285408025522
1327,7.168926327325467
1328,7.341571740978827
1329,6.498607537513758
1330,7.288636682318751
1331,7.215419719519911
1332,7.284138257684656
1333,6.9657418711819705
1334,6.977058955855511
1335,7.394410249091802
1336,6.468546735123466
1337,7.096195914726004
1338,7.319009009754472
1339,6.6576187205920165
1340,6.677999388929634
1341,6.940197063449167
1342,7.248228949697331
1343,7.069966578527719
1344,6.851448888011117
1345,7.416089012029486
1346,6.869654603033808
1347,6.75875404052175
1348,7.379031864602107
1349,7.073295078720401
1350,7.114243026287047
1351,6.871824535075177
1352,7.141852440653218
1353,7.123730531388014
1354,6.850039195579335
1355,6.655044697916625
1356,6.63648167977583
1357,7.153540022859744
1358,6.969672357007429
1359,7.358688467136983
1360,7.423972412882204
1361,7.140691713938879
1362,7.239741103800987
1363,7.284218977707658
1364,7.153443344010823
1365,6.432486431181333
1366,6.4055476661543915
1367,7.142833790785808
1368,7.230964866100637
1369,7.263912973406814
1370,7.075530786010415
1371,6.584584774487087
1372,7.432350269899685
1373,4.308351245668353
1374,7.174814978232737
1375,7.469290118760192
1376,6.993539909778217
1377,7.409479371773957
1378,6.525086450180872
1379,6.662340367854376
1380,7.140835887193976
1381,6.956525218078855
1382,7.011181215015015
1383,7.274722424647863
1384,6.813494083896071
1385,6.955846179956217
1386,6.941064276579401
1387,6.645257976186233
1388,6.409434726064548
1389,6.834810321551758
1390,7.241726028062284
1391,6.750924329947748
1392,7.052980935551093
1393,6.84949376206416
1394,6.676902158335802
1395,7.336891943258001
1396,7.199201310793359
1397,7.184466657025734
1398,6.683214294325514
1399,6.756106276471478
1400,6.6627723744808005
1401,6.917548374371477
1402,6.534696185171409
1403,6.87349063612375
1404,7.107857673490129
1405,6.387964747645313
1406,7.395047430928592
1407,7.2986067029765325
1408,7.274444533197006
1409,7.266039926312903
1410,6.81173150792846
1411,6.8858768501849195
1412,7.087896297900156
1413,6.885842286508052
1414,7.191215155722262
1415,6.909262829384697
1416,7.351973829977916
1417,6.670031168418232
1418,6.510498348391039
1419,6.960086526409338
1420,6.802782294654795
1421,7.305631432203971
1422,6.8183428776740715
1423,7.350352309158055
1424,7.104278254906877
1425,6.686752432154509
1426,7.295456542715282
1427,6.632267885706628
1428,6.929257172270054
1429,6.650030605000247
1430,7.346395293905598
1431,6.497608472213178
1432,7.043080728834322
1433,7.111159727994991
1434,7.257769563743013
1435,6.906129036854938
1436,6.73616909245853
1437,6.744080001027179
1438,6.83986650729594
1439,6.837145451306215
1440,7.274293745708313
1441,6.681414435386511
1442,6.713486699942459
1443,7.054015401148014
1444,6.953700380959634
1445,6.572535598761594
1446,7.473923172126248
1447,7.340110695544071
1448,7.130021891786261
1449,7.297737280981205
1450,7.314059548423776
1451,7.328271059386487
1452,7.32645461859862
1453,6.480970020863553
1454,6.758032444577772
1455,7.4137869109821946
1456,6.829244262521678
1457,5.83186702924705
1458,7.152893775603145
1459,7.152258297137434
1460,7.461410145878622
1461,6.811021045807733
1462,6.929766760627084
1463,6.49595761234058
1464,6.962414798113828
1465,6.636302625170536
1466,6.392104091266894
1467,7.299341879551576
1468,7.457526924162882
1469,6.969630542617274
1470,7.096581152621365
1471,6.512640587019894
1472,7.195733201601906
1473,6.837672063715132
1474,6.905384983822231
1475,7.362593467634451
1476,6.354189832363523
1477,6.805676507279383
1478,7.2538910435968385
1479,6.649966883951929
1480,6.9220879162821864
1481,6.825671780772727
1482,7.1293630606137155
1483,7.199963095704198
1484,6.944269128736207
1485,7.28169703012864
1486,7.271898952765693
1487,7.264110825612069
1488,6.469592909120963
1489,6.664085236013049
1490,7.047590573317765
1491,6.855866595437448
1492,7.068010349210814
1493,7.003920105962997
1494,6.601760280278274
1495,6.955619490891136
1496,7.341644726253345
1497,7.013923341121253
1498,6.505868768653208
1499,6.692689858561282
1500,6.991884963268943
1501,6.928092973245493
1502,6.193740158302443
1503,6.9606090509333685
1504,6.43250120292398
1505,6.981676162420316
1506,7.256264150255035
1507,6.6944133308490095
1508,7.19981955078581
1509,7.1133099147471555
1510,7.146682555604011
1511,6.667100160881955
1512,6.475445740920907
1513,7.308557514891722
1514,7.382860174791885
1515,7.204501127951465
1516,6.8672341043267195
1517,7.056329945842224
1518,6.5419573153874255
1519,7.256832007088083
1520,6.778569415823557
1521,6.731763423324816
1522,7.030981872856698
1523,6.874988468559561
1524,6.760590343721923
1525,7.118306103047765
1526,6.5059142081519585
1527,6.453141406520172
1528,7.095463275883739
1529,6.985888921737059
1530,6.787043367830074
1531,6.6175881874599956
1532,7.321744493366651
1533,6.867310910544673
1534,7.239306368236433
1535,7.146359997914645
1536,7.1086934020683605
1537,6.905605369998431
1538,7.012303401246893
1539,7.256412570479428
1540,7.00504965533048
1541,7.121812813471111
1542,7.247251392425284
1543,7.027559223529397
1544,6.396580719222425
1545,6.492753825257182
1546,7.186338449120064
1547,6.417138177277367
1548,6.865318706249348
1549,6.643195477770765
1550,6.572654670001485
1551,7.1319133765474945
1552,7.117384900766284
1553,6.823830125402713
1554,6.701902859345539
1555,6.934397546576694
1556,6.674949276328081
1557,6.990930179076593
1558,6.824915140795417
1559,7.071303566004588
1560,7.203572267429769
1561,6.6797820873122555
1562,6.624715794841088
1563,6.459290126281583
1564,6.8308170883368025
1565,7.366099613603885
1566,7.294925917601562
1567,6.553009859577278
1568,7.076688899773606
1569,6.912748013508484
1570,7.143705649927166
1571,6.984907101079914
1572,6.6977666566468965
1573,7.383257131402456
1574,7.273108644713147
1575,7.034600924757117
1576,6.4424601822775935
1577,6.573757434370401
1578,7.327975749799293
1579,7.484535121349041
1580,6.7487761033921565
1581,7.108911324874577
1582,7.149730216703748
1583,7.216540134465051
1584,7.019649083212111
1585,7.171180117045816
1586,7.2235128416686445
1587,6.830844414337698
1588,6.749861460598465
1589,7.3037161814483635
1590,7.052859620375393
1591,6.759831225679112
1592,6.7917950411292045
1593,7.045029101075893
1594,6.47859876998859
1595,7.103756140844058
1596,6.699781521193047
1597,7.314042615879748
1598,7.111320332805712
1599,7.256056451985636
1600,7.201135503768212
1601,6.644039865461353
1602,6.495482549005472
1603,7.288909198736469
1604,7.478227316659427
1605,7.084753944532297
1606,7.0915018054661845
1607,6.613988679643487
1608,6.627132314260496
1609,7.269754975732818
1610,6.560590474963122
1611,7.012296013940927
1612,6.589525870401152
1613,6.5320775879307025
1614,7.053983647539538
1615,7.05324662033675
1616,7.1074262941170865
1617,6.623017420233828
1618,7.309742017594453
1619,7.08611133135303
1620,6.48708561009353
1621,7.1394314651645185
1622,5.021699336117013
1623,6.471829246437856
1624,6.861401278185724
1625,7.1491239228339465
1626,7.164954273786809
1627,7.283246049758317
1628,7.033634909972598
1629,7.019392282535067
1630,7.2530372342999705
1631,6.479906714748273
1632,6.8698780610557835
1633,7.314465712317068
1634,7.117669720057135
1635,7.1416837320059665
1636,7.29451052086578
1637,7.0603569784158635
1638,7.242197111397673
1639,7.299597713671309
1640,6.851024032289108
1641,7.164153448139236
1642,7.206005076026833
1643,6.58244738637322
1644,7.217824712925588
1645,6.637312655689888
1646,6.428893280002968
1647,7.283863624885096
1648,7.298010798728733
1649,6.643014033550819
1650,6.60617706506217
1651,7.209288838793691
1652,6.520014321826153
1653,7.12813456792855
1654,6.550167678565343
1655,7.115916770005266
1656,7.285419586741994
1657,6.764288146373838
1658,7.525858577539796
1659,6.946358892169466
1660,7.281194158389797
1661,7.542574215432601
1662,6.433869106363181
1663,6.719305001306414
1664,7.125594344430348
1665,6.415727215435374
1666,6.606213911634018
1667,7.445643488018917
1668,7.038176047165714
1669,6.993329300790208
1670,6.5808154249177075
1671,7.248685883344738
1672,6.679316719663963
1673,6.549789692124262
1674,7.107275409996812
1675,6.835286403913006
1676,7.367367616868104
1677,6.722032486868018
1678,6.079768771070998
1679,6.613468446936625
1680,7.279739665594954
1681,7.374758356350935
1682,6.954559918429758
1683,6.951863227481832
1684,6.778619040397682
1685,7.348582804933677
1686,7.061675572230735
1687,7.2481686280218485
1688,6.411194136156178
1689,6.76381683323446
1690,6.510615841399651
1691,6.905454616807184
1692,6.943085113252025
1693,6.637978702666097
1694,6.793761125439346
1695,6.566818729532212
1696,7.275558118137182
1697,6.832851948036191
1698,7.224059862503516
1699,6.441494821487069
1700,7.201480296541074
1701,6.951644565469648
1702,6.525931739219777
1703,7.2851807125229655
1704,6.889533256781534
1705,6.808780068558454
1706,6.5824252378390256
1707,7.063363329297333
1708,7.257203256962049
1709,6.6293760978377225
1710,7.061036149385015
1711,7.252289443518918
1712,7.426413776526849
1713,7.3818291534847695
1714,6.789611479875574
1715,7.396926038616621
1716,6.647242658386718
1717,6.687697762445692
1718,6.917232007495173
1719,6.241679396599621
1720,6.833888714072663
1721,7.140786801325134
1722,6.463649474672356
1723,6.924417892700939
1724,6.593623319404015
1725,6.840865918735059
1726,6.856169139305099
1727,7.170488803564125
1728,7.291747094817536
1729,6.872797752646874
1730,6.609167835075836
1731,6.916717237546328
1732,6.9560623801000725
1733,6.571377058542148
1734,7.116806764007212
1735,6.7698628250002315
1736,6.7590682811946055
1737,7.029719589756761
1738,7.155355882064165
1739,6.946882091470099
1740,7.442858620782322
1741,6.90836377405245
1742,6.6145610527774625
1743,6.46777266368204
1744,7.404943484850544
1745,6.989660060865686
1746,7.419985727234075
1747,7.304562639454784
1748,6.727457182798984
1749,6.821822383449234
1750,7.084637390271695
1751,6.663867708602173
1752,6.976670603525685
1753,6.619819110582184
1754,6.540069617255926
1755,7.1185456465055115
1756,7.150638144181455
1757,6.603796213652357
1758,7.460158000401604
1759,7.0617482011838275
1760,7.147993913733458
1761,6.55917307384967
1762,6.678446580115278
1763,7.253511584083942
1764,7.088754792336215
1765,7.174585291557821
1766,7.232805184997943
1767,7.282460681320512
1768,6.571260160435014
1769,6.886528680220749
1770,7.286480539990376
1771,7.3418958191791015
1772,6.879565498631722
1773,6.977019591994015
1774,6.765195174683818
1775,7.279731960248834
1776,7.259954765947935
1777,6.669634384627183
1778,6.983615567131491
1779,7.290710502929525
1780,7.071685623091067
1781,7.431036533799477
1782,6.594086851489789
1783,6.675014427517082
1784,7.13313992070402
1785,7.430559631273566
1786,7.1652781668969565
1787,7.144436983978135
1788,6.37991199718453
1789,7.241053244828789
1790,7.028081992635246
1791,7.217522136812545
1792,7.292503977854055
1793,7.018011579942196
1794,6.901954083565638
1795,7.457737274314249
1796,7.261926495361689
1797,6.931987353728106
1798,7.16695109869798
1799,6.912991644846211
1800,6.871005148120587
1801,7.290556813707146
1802,7.3162782314438655
1803,7.036902442659961
1804,6.422089529032574
1805,7.359211416887218
1806,6.931512363895042
1807,7.062846789087525
1808,6.667760866307645
1809,6.666148325247949
1810,7.128273744430556
1811,7.305973591237788
1812,6.538825295909921
1813,4.361204492067083
1814,6.495732590553908
1815,6.468912937956723
1816,6.918683713752019
1817,7.186517464566957
1818,7.3278386926412145
1819,7.269196249593467
1820,7.068615074790108
1821,7.0487970030915506
1822,7.189872131853709
1823,7.212015809698146
1824,7.0964136110831655
1825,7.044586182837802
1826,6.948194457133753
1827,6.84015095666293
1828,6.536385598555812
1829,7.11611268772583
1830,6.644033930005806
1831,6.476677742726097
1832,6.665743689341261
1833,6.69527535993956
1834,7.205061020770503
1835,6.938971651457952
1836,6.605511092068545
1837,6.486544195109294
1838,6.946458123715681
1839,7.3866002602682785
1840,6.607823645047159
1841,6.432063389034569
1842,6.8094652706140515
1843,7.447078628737164
1844,6.853201894568399
1845,6.781212502110235
1846,6.881232707375503
1847,6.504620417012519
1848,6.8833131062314585
1849,7.222848288373675
1850,6.386845085232598
1851,7.453105057915445
1852,7.009400695653534
1853,7.095597178731414
1854,6.758318879326197
1855,6.952529821336727
1856,7.011326837462531
1857,6.956207179636813
1858,7.047435991189822
1859,7.274242286580281
1860,7.18338400093818
1861,6.354586770220042
1862,6.949740152538256
1863,6.904883493225805
1864,6.450141861865029
1865,7.45533503573552
1866,7.357276465324691
1867,6.938620986533826
1868,7.2480026073507675
1869,7.150936937680944
1870,6.54917864804832
1871,6.970753917307951
1872,7.2932570044505365
1873,6.863680063327301
1874,6.0690673777271105
1875,7.128289145166317
1876,7.342965391993927
1877,6.8613092148118735
1878,6.670974466079179
1879,7.04635533291533
1880,6.883004611551323
1881,6.809570582699465
1882,7.2659580771345835
1883,6.7579760963173685
1884,7.085902132560681
1885,6.4436304556192825
1886,6.860732156840852
1887,7.327510055838332
1888,6.7970987173457225
1889,6.634967415604199
1890,7.126215527830314
1891,6.299247560018133
1892,7.11509532981527
1893,6.34194293344318
1894,7.097973812194728
1895,7.327944683539567
1896,7.3655885390666755
1897,7.285123250804349
1898,7.414079998960343
1899,7.450953350407559
1900,6.718716160795211
1901,7.3741210197691895
1902,7.009298307878176
1903,6.759596001252957
1904,7.231628956300041
1905,6.598929848698967
1906,7.0777097126656
1907,7.085396770348382
1908,6.590192000845201
1909,6.450931488593875
1910,6.5406764289468455
1911,7.246856693862231
1912,6.810825528552535
1913,6.550235333723949
1914,6.484187134073553
1915,6.994463739483901
1916,6.834559278657186
1917,6.669091625520037
1918,7.266920898158758
1919,6.2102669182097925
1920,7.188227328864884
1921,6.980471272545743
1922,6.080891309792353
1923,7.063532958136575
1924,6.9262592866379755
1925,7.225258598197016
1926,6.701843594419431
1927,7.345498757084846
1928,6.670097708229668
1929,7.054798027134813
1930,7.4694891677049435
1931,6.765695642102685
1932,7.056265575460527
1933,6.494474990066707
1934,6.554161007186006
1935,6.468529373774532
1936,7.077722489416702
1937,6.884793880238528
1938,7.41634597631899
1939,7.326932446246707
1940,7.303259617160995
1941,6.591966718018289
1942,7.080169650811954
1943,7.046204830386843
1944,6.935949636853385
1945,7.260512664327054
1946,6.734331305636431
1947,6.627686184090655
1948,7.269105432565811
1949,7.36742927879653
1950,7.104061584790753
1951,6.841367341077131
1952,7.1214082318502845
1953,7.531192093009857
1954,7.1406047867992575
1955,6.9443416520777435
1956,7.4318079805314765
1957,7.24730225316006
1958,7.247602449507329
1959,7.128585937948149
1960,7.147519510659553
1961,7.0805779128324176
1962,6.749774546759759
1963,7.14951846054152
1964,6.745513932880256
1965,7.293017640506557
1966,7.269314576136257
1967,7.380484541387083
1968,7.138659839451019
1969,7.149628667060903
1970,7.149627438424462
1971,6.673263882464399
1972,6.854135647884112
1973,6.777483367133468
1974,7.16626010584346
1975,7.172319274335598
1976,7.149100658114972
1977,7.214485573666054
1978,6.796019545931268
1979,6.741221744957205
1980,7.377762742780596
1981,6.888055957088873
1982,7.202474438029968
1983,7.17860633632095
1984,7.044931322043151
1985,6.619841839201961
1986,7.211141673438527
1987,7.46012217408758
1988,7.029425624711929
1989,7.059385788418854
1990,6.983518425639368
1991,7.142962261198982
1992,7.218574291805072
1993,7.242028470638396
1994,6.745739383137984
1995,7.257266788104554
1996,7.0957503494636285
1997,6.865426830388225
1998,7.000201821215803
1999,6.682398607945856